"module name","license","repository"
"@google-cloud/common@0.15.1","Apache-2.0","https://github.com/googleapis/nodejs-common"
"@google-cloud/vision@0.14.0","Apache-2.0","https://github.com/googleapis/nodejs-vision"
"@newrelic/native-metrics@2.1.2","LicenseRef-LICENSE","https://github.com/newrelic/node-native-metrics"
"@protobufjs/aspromise@1.1.2","BSD-3-Clause","https://github.com/dcodeIO/protobuf.js"
"@protobufjs/base64@1.1.2","BSD-3-Clause","https://github.com/dcodeIO/protobuf.js"
"@protobufjs/codegen@2.0.4","BSD-3-Clause","https://github.com/dcodeIO/protobuf.js"
"@protobufjs/eventemitter@1.1.0","BSD-3-Clause","https://github.com/dcodeIO/protobuf.js"
"@protobufjs/fetch@1.1.0","BSD-3-Clause","https://github.com/dcodeIO/protobuf.js"
"@protobufjs/float@1.0.2","BSD-3-Clause","https://github.com/dcodeIO/protobuf.js"
"@protobufjs/inquire@1.1.0","BSD-3-Clause","https://github.com/dcodeIO/protobuf.js"
"@protobufjs/path@1.1.2","BSD-3-Clause","https://github.com/dcodeIO/protobuf.js"
"@protobufjs/pool@1.1.0","BSD-3-Clause","https://github.com/dcodeIO/protobuf.js"
"@protobufjs/utf8@1.1.0","BSD-3-Clause","https://github.com/dcodeIO/protobuf.js"
"@types/long@3.0.32","MIT","https://www.github.com/DefinitelyTyped/DefinitelyTyped"
"@types/node@8.5.2","MIT","https://www.github.com/DefinitelyTyped/DefinitelyTyped"
"abbrev@1.1.1","ISC","https://github.com/isaacs/abbrev-js"
"accept@2.1.4","BSD-3-Clause","https://github.com/hapijs/accept"
"agent-base@1.0.2","MIT","https://github.com/TooTallNate/node-agent-base"
"ajv@4.11.8","MIT","https://github.com/epoberezkin/ajv"
"ajv@5.2.3","MIT","https://github.com/epoberezkin/ajv"
"align-text@0.1.4","MIT","https://github.com/jonschlinkert/align-text"
"amdefine@1.0.1","BSD-3-Clause OR MIT","https://github.com/jrburke/amdefine"
"ammo@2.0.4","BSD-3-Clause","https://github.com/hapijs/ammo"
"ansi-regex@2.1.1","MIT","https://github.com/chalk/ansi-regex"
"ansi-styles@2.2.1","MIT","https://github.com/chalk/ansi-styles"
"api-ocr@1.0.36","UNLICENSED","git://gitlab.com/taggun/api-ocr"
"apparatus@0.0.9","MIT","https://github.com/NaturalNode/apparatus"
"aproba@1.2.0","ISC","https://github.com/iarna/aproba"
"are-we-there-yet@1.1.4","ISC","https://github.com/iarna/are-we-there-yet"
"argparse@1.0.9","MIT","https://github.com/nodeca/argparse"
"arguejs@0.2.3","BSD*","https://github.com/zvictor/ArgueJS"
"array-union@1.0.2","MIT","https://github.com/sindresorhus/array-union"
"array-uniq@1.0.3","MIT","https://github.com/sindresorhus/array-uniq"
"arrify@1.0.1","MIT","https://github.com/sindresorhus/arrify"
"ascli@1.0.1","Apache-2.0","https://github.com/dcodeIO/ascli"
"asn1@0.2.3","MIT","https://github.com/mcavage/node-asn1"
"assert-plus@0.2.0","MIT","https://github.com/mcavage/node-assert-plus"
"assert-plus@1.0.0","MIT","https://github.com/mcavage/node-assert-plus"
"async@1.5.2","MIT","https://github.com/caolan/async"
"async@2.6.0","MIT","https://github.com/caolan/async"
"asynckit@0.4.0","MIT","https://github.com/alexindigo/asynckit"
"aws-sdk@2.175.0","Apache-2.0","https://github.com/aws/aws-sdk-js"
"aws-sign2@0.6.0","Apache-2.0","https://github.com/mikeal/aws-sign"
"aws-sign2@0.7.0","Apache-2.0","https://github.com/mikeal/aws-sign"
"aws4@1.5.0","MIT","https://github.com/mhart/aws4"
"aws4@1.6.0","MIT","https://github.com/mhart/aws4"
"azure-storage@2.7.0","Apache-2.0","https://github.com/Azure/azure-storage-node"
"b64@3.0.3","BSD-3-Clause","https://github.com/hapijs/b64"
"balanced-match@1.0.0","MIT","https://github.com/juliangruber/balanced-match"
"base64-js@1.2.1","MIT","https://github.com/beatgammit/base64-js"
"base64url@2.0.0","MIT","https://github.com/brianloveswords/base64url"
"bcrypt-pbkdf@1.0.1","BSD-3-Clause",""
"big-integer@1.6.26","Unlicense","https://github.com/peterolson/BigInteger.js"
"bindings@1.2.1","MIT","https://github.com/TooTallNate/node-bindings"
"bl@1.1.2","MIT","https://github.com/rvagg/bl"
"block-stream@0.0.9","ISC","https://github.com/isaacs/block-stream"
"bluebird@3.5.1","MIT","https://github.com/petkaantonov/bluebird"
"boom@2.10.1","BSD-3-Clause","https://github.com/hapijs/boom"
"boom@4.3.1","BSD-3-Clause","https://github.com/hapijs/boom"
"boom@5.2.0","BSD-3-Clause","https://github.com/hapijs/boom"
"boom@7.1.1","BSD-3-Clause","https://github.com/hapijs/boom"
"brace-expansion@1.1.8","MIT","https://github.com/juliangruber/brace-expansion"
"browserify-mime@1.2.9","MIT*","https://github.com/broofa/node-mime"
"bson@1.0.4","Apache-2.0","https://github.com/mongodb/js-bson"
"buffer-equal-constant-time@1.0.1","BSD-3-Clause","https://github.com/goinstant/buffer-equal-constant-time"
"buffer@4.9.1","MIT","https://github.com/feross/buffer"
"bytebuffer@5.0.1","Apache-2.0","https://github.com/dcodeIO/bytebuffer.js"
"call-me-maybe@1.0.1","MIT","https://github.com/limulus/call-me-maybe"
"call@4.0.2","BSD-3-Clause","https://github.com/hapijs/call"
"camelcase@1.2.1","MIT","https://github.com/sindresorhus/camelcase"
"camelcase@2.1.1","MIT","https://github.com/sindresorhus/camelcase"
"capture-stack-trace@1.0.0","MIT","https://github.com/floatdrop/capture-stack-trace"
"caseless@0.11.0","Apache-2.0","https://github.com/mikeal/caseless"
"caseless@0.12.0","Apache-2.0","https://github.com/mikeal/caseless"
"catbox-memory@2.0.4","BSD-3-Clause","https://github.com/hapijs/catbox-memory"
"catbox@7.1.5","BSD-3-Clause","https://github.com/hapijs/catbox"
"caw@2.0.0","MIT","https://github.com/kevva/caw"
"center-align@0.1.3","MIT","https://github.com/jonschlinkert/center-align"
"chalk@1.1.3","MIT","https://github.com/chalk/chalk"
"chrono-node@1.3.5","MIT","https://github.com/berryboy/chrono"
"cliui@2.1.0","ISC","https://github.com/bcoe/cliui"
"cliui@3.2.0","ISC","https://github.com/yargs/cliui"
"co@4.6.0","MIT","https://github.com/tj/co"
"code-point-at@1.1.0","MIT","https://github.com/sindresorhus/code-point-at"
"color-convert@1.9.0","MIT","https://github.com/qix-/color-convert"
"color-name@1.1.2","MIT","https://github.com/dfcreative/color-name"
"color-string@1.5.2","MIT","https://github.com/qix-/color-string"
"color@2.0.0","MIT","https://github.com/Qix-/color"
"colour@0.7.1","MIT","https://github.com/dcodeIO/colour.js"
"combined-stream@1.0.5","MIT","https://github.com/felixge/node-combined-stream"
"commander@2.12.2","MIT","https://github.com/tj/commander.js"
"commander@2.9.0","MIT","https://github.com/tj/commander.js"
"concat-map@0.0.1","MIT","https://github.com/substack/node-concat-map"
"concat-stream@1.6.0","MIT","https://github.com/maxogden/concat-stream"
"console-control-strings@1.1.0","ISC","https://github.com/iarna/console-control-strings"
"content@3.0.6","BSD-3-Clause","https://github.com/hapijs/content"
"core-util-is@1.0.2","MIT","https://github.com/isaacs/core-util-is"
"create-error-class@3.0.2","MIT","https://github.com/floatdrop/create-error-class"
"cryptiles@2.0.5","BSD-3-Clause","https://github.com/hapijs/cryptiles"
"cryptiles@3.1.2","BSD-3-Clause","https://github.com/hapijs/cryptiles"
"crypto-browserify@1.0.9","MIT","https://github.com/dominictarr/crypto-browserify"
"dashdash@1.14.1","MIT","https://github.com/trentm/node-dashdash"
"debug@2.6.9","MIT","https://github.com/visionmedia/debug"
"debug@3.1.0","MIT","https://github.com/visionmedia/debug"
"decamelize@1.2.0","MIT","https://github.com/sindresorhus/decamelize"
"decompress-response@3.3.0","MIT","https://github.com/sindresorhus/decompress-response"
"deep-extend@0.4.2","MIT","https://github.com/unclechu/node-deep-extend"
"delayed-stream@1.0.0","MIT","https://github.com/felixge/node-delayed-stream"
"delegates@1.0.0","MIT","https://github.com/visionmedia/node-delegates"
"detect-libc@0.2.0","Apache-2.0","https://github.com/lovell/detect-libc"
"detect-libc@1.0.3","Apache-2.0","https://github.com/lovell/detect-libc"
"duplexify@3.5.1","MIT","https://github.com/mafintosh/duplexify"
"ecc-jsbn@0.1.1","MIT","https://github.com/quartzjer/ecc-jsbn"
"ecdsa-sig-formatter@1.0.9","Apache-2.0","https://github.com/Brightspace/node-ecdsa-sig-formatter"
"end-of-stream@1.4.0","MIT","https://github.com/mafintosh/end-of-stream"
"ent@2.2.0","MIT","https://github.com/substack/node-ent"
"es6-promise@3.3.1","MIT","https://github.com/stefanpenner/es6-promise"
"es6-promise@4.2.2","MIT","https://github.com/stefanpenner/es6-promise"
"escape-string-regexp@1.0.5","MIT","https://github.com/sindresorhus/escape-string-regexp"
"esprima@4.0.0","BSD-2-Clause","https://github.com/jquery/esprima"
"events@1.1.1","MIT","https://github.com/Gozala/events"
"extend@1.2.1","MIT*","https://github.com/justmoon/node-extend"
"extend@3.0.0","MIT","https://github.com/justmoon/node-extend"
"extend@3.0.1","MIT","https://github.com/justmoon/node-extend"
"extsprintf@1.3.0","MIT","https://github.com/davepacheco/node-extsprintf"
"fast-deep-equal@1.0.0","MIT","https://github.com/epoberezkin/fast-deep-equal"
"fast-safe-stringify@1.1.13","MIT","https://github.com/davidmarkclements/fast-safe-stringify"
"fast-safe-stringify@1.2.1","MIT","https://github.com/davidmarkclements/fast-safe-stringify"
"fast-stats@0.0.3","Apache*","https://github.com/bluesmoon/node-faststats"
"forever-agent@0.6.1","Apache-2.0","https://github.com/mikeal/forever-agent"
"form-data@2.0.0","MIT","https://github.com/form-data/form-data"
"form-data@2.1.4","MIT","https://github.com/form-data/form-data"
"form-data@2.3.1","MIT","https://github.com/form-data/form-data"
"format-util@1.0.3","MIT","https://github.com/tmpfs/format-util"
"fs.realpath@1.0.0","ISC","https://github.com/isaacs/fs.realpath"
"fstream-ignore@1.0.5","ISC","https://github.com/isaacs/fstream-ignore"
"fstream@1.0.11","ISC","https://github.com/npm/fstream"
"gauge@2.7.4","ISC","https://github.com/iarna/gauge"
"gcp-metadata@0.3.1","MIT","https://github.com/stephenplusplus/gcp-metadata"
"generate-function@2.0.0","MIT","https://github.com/mafintosh/generate-function"
"generate-object-property@1.2.0","MIT","https://github.com/mafintosh/generate-object-property"
"get-proxy@1.1.0","MIT","https://github.com/kevva/get-proxy"
"getpass@0.1.7","MIT","https://github.com/arekinath/node-getpass"
"glob@7.1.2","ISC","https://github.com/isaacs/node-glob"
"globby@6.1.0","MIT","https://github.com/sindresorhus/globby"
"good-console@6.4.1","BSD-3-Clause","https://github.com/hapijs/good-console"
"good-loggly@3.1.0","MIT","https://github.com/continuationlabs/good-loggly"
"good-squeeze@5.0.2","BSD-3-Clause","https://github.com/hapijs/good-squeeze"
"good@7.3.0","BSD-3-Clause","https://github.com/hapijs/good"
"google-auth-library@0.10.0","Apache-2.0","https://github.com/google/google-auth-library-nodejs"
"google-auth-library@0.12.0","Apache-2.0","https://github.com/google/google-auth-library-nodejs"
"google-auto-auth@0.7.2","MIT","https://github.com/stephenplusplus/google-auto-auth"
"google-auto-auth@0.8.2","MIT","https://github.com/stephenplusplus/google-auto-auth"
"google-gax@0.14.2","BSD-3-Clause","https://github.com/googleapis/gax-nodejs"
"google-p12-pem@0.1.2","MIT",""
"google-proto-files@0.13.1","MIT","https://github.com/googleapis/nodejs-proto-files"
"google-proto-files@0.14.1","MIT","https://github.com/googleapis/nodejs-proto-files"
"googleplaces@0.6.1","MIT","https://github.com/Srirangan/googleplaces.js"
"graceful-fs@4.1.11","ISC","https://github.com/isaacs/node-graceful-fs"
"graceful-readlink@1.0.1","MIT","https://github.com/zhiyelee/graceful-readlink"
"grpc@1.8.0","Apache-2.0","https://github.com/grpc/grpc-node"
"gtoken@1.2.3","MIT","https://github.com/google/node-gtoken"
"handlebars@4.0.11","MIT","https://github.com/wycats/handlebars.js"
"hapi-swagger@7.10.0","MIT","https://github.com/glennjones/hapi-swagger"
"hapi@16.6.2","BSD-3-Clause","https://github.com/hapijs/hapi"
"har-schema@1.0.5","ISC","https://github.com/ahmadnassri/har-schema"
"har-schema@2.0.0","ISC","https://github.com/ahmadnassri/har-schema"
"har-validator@2.0.6","ISC","https://github.com/ahmadnassri/har-validator"
"har-validator@4.2.1","ISC","https://github.com/ahmadnassri/har-validator"
"har-validator@5.0.3","ISC","https://github.com/ahmadnassri/har-validator"
"has-ansi@2.0.0","MIT","https://github.com/sindresorhus/has-ansi"
"has-unicode@2.0.1","ISC","https://github.com/iarna/has-unicode"
"hash-base@3.0.4","MIT","https://github.com/crypto-browserify/hash-base"
"hawk@3.1.3","BSD-3-Clause","https://github.com/hueniverse/hawk"
"hawk@6.0.2","BSD-3-Clause","https://github.com/hueniverse/hawk"
"heavy@4.0.4","BSD-3-Clause","https://github.com/hapijs/heavy"
"hoek@2.16.3","BSD-3-Clause","https://github.com/hapijs/hoek"
"hoek@4.2.0","BSD-3-Clause","https://github.com/hapijs/hoek"
"hoek@5.0.2","BSD-3-Clause","https://github.com/hapijs/hoek"
"http-signature@1.1.1","MIT","https://github.com/joyent/node-http-signature"
"http-signature@1.2.0","MIT","https://github.com/joyent/node-http-signature"
"http-status@1.0.1","BSD-3-Clause","https://github.com/wdavidw/node-http-status"
"https-proxy-agent@0.3.6","MIT","https://github.com/TooTallNate/node-https-proxy-agent"
"ieee754@1.1.8","BSD-3-Clause","https://github.com/feross/ieee754"
"inert@4.2.1","BSD-3-Clause","https://github.com/hapijs/inert"
"inflight@1.0.6","ISC","https://github.com/npm/inflight"
"inherits@2.0.3","ISC","https://github.com/isaacs/inherits"
"ini@1.3.4","ISC","https://github.com/isaacs/ini"
"ini@1.3.5","ISC","https://github.com/isaacs/ini"
"invert-kv@1.0.0","MIT","https://github.com/sindresorhus/invert-kv"
"iron@4.0.5","BSD-3-Clause","https://github.com/hueniverse/iron"
"is-arrayish@0.3.1","MIT","https://github.com/qix-/node-is-arrayish"
"is-buffer@1.1.6","MIT","https://github.com/feross/is-buffer"
"is-fullwidth-code-point@1.0.0","MIT","https://github.com/sindresorhus/is-fullwidth-code-point"
"is-my-json-valid@2.15.0","MIT","https://github.com/mafintosh/is-my-json-valid"
"is-property@1.0.2","MIT","https://github.com/mikolalysenko/is-property"
"is-stream-ended@0.1.3","MIT","https://github.com/stephenplusplus/is-stream-ended"
"is-typedarray@1.0.0","MIT","https://github.com/hughsk/is-typedarray"
"is@3.2.1","MIT","https://github.com/enricomarino/is"
"isarray@1.0.0","MIT","https://github.com/juliangruber/isarray"
"isemail@2.2.1","BSD-3-Clause","https://github.com/hapijs/isemail"
"isemail@3.0.0","BSD-3-Clause","https://github.com/hapijs/isemail"
"isnumber@1.0.0","MIT","https://github.com/brycebaril/node-isnumber"
"isstream@0.1.2","MIT","https://github.com/rvagg/isstream"
"items@2.1.1","BSD-3-Clause","https://github.com/hapijs/items"
"jmespath@0.15.0","Apache 2.0","https://github.com/jmespath/jmespath.js"
"joi@10.6.0","BSD-3-Clause","https://github.com/hapijs/joi"
"joi@11.4.0","BSD-3-Clause","https://github.com/hapijs/joi"
"joi@13.0.2","BSD-3-Clause","https://github.com/hapijs/joi"
"joi@8.1.1","BSD-3-Clause","https://github.com/hapijs/joi"
"js-yaml@3.10.0","MIT","https://github.com/nodeca/js-yaml"
"jsbn@0.1.1","MIT","https://github.com/andyperlitch/jsbn"
"json-edm-parser@0.1.2","MIT","https://github.com/yaxia/json-edm-parser"
"json-schema-ref-parser@1.4.1","MIT","https://github.com/BigstickCarpet/json-schema-ref-parser"
"json-schema-ref-parser@4.0.4","MIT","https://github.com/BigstickCarpet/json-schema-ref-parser"
"json-schema-traverse@0.3.1","MIT","https://github.com/epoberezkin/json-schema-traverse"
"json-schema@0.2.3","AFLv2.1,BSD","https://github.com/kriszyp/json-schema"
"json-stable-stringify@1.0.1","MIT","https://github.com/substack/json-stable-stringify"
"json-stringify-safe@5.0.1","ISC","https://github.com/isaacs/json-stringify-safe"
"jsonify@0.0.0","Public Domain","https://github.com/substack/jsonify"
"jsonparse@1.2.0","MIT","https://github.com/creationix/jsonparse"
"jsonpointer@4.0.1","MIT","https://github.com/janl/node-jsonpointer"
"jsprim@1.4.1","MIT","https://github.com/joyent/node-jsprim"
"jwa@1.1.5","MIT","https://github.com/brianloveswords/node-jwa"
"jws@3.1.4","MIT","https://github.com/brianloveswords/node-jws"
"kind-of@3.2.2","MIT","https://github.com/jonschlinkert/kind-of"
"lazy-cache@1.0.4","MIT","https://github.com/jonschlinkert/lazy-cache"
"lcid@1.0.0","MIT","https://github.com/sindresorhus/lcid"
"lodash._baseclone@4.5.7","MIT","https://github.com/lodash/lodash"
"lodash._root@3.0.1","MIT","https://github.com/lodash/lodash"
"lodash.get@4.4.2","MIT","https://github.com/lodash/lodash"
"lodash.isequal@4.5.0","MIT","https://github.com/lodash/lodash"
"lodash.isplainobject@4.0.6","MIT","https://github.com/lodash/lodash"
"lodash.isstring@4.0.1","MIT","https://github.com/lodash/lodash"
"lodash.keysin@4.2.0","MIT","https://github.com/lodash/lodash"
"lodash.merge@4.4.0","MIT","https://github.com/lodash/lodash"
"lodash.merge@4.6.0","MIT","https://github.com/lodash/lodash"
"lodash.noop@3.0.1","MIT","https://github.com/lodash/lodash"
"lodash.rest@4.0.5","MIT","https://github.com/lodash/lodash"
"lodash@4.17.4","MIT","https://github.com/lodash/lodash"
"log-driver@1.2.5","Custom: http://linuxcommand.org/man","https://github.com/cainus/logdriver"
"loggly@1.1.1","MIT","https://github.com/winstonjs/node-loggly"
"long@3.2.0","Apache-2.0","https://github.com/dcodeIO/long.js"
"longest@1.0.1","MIT","https://github.com/jonschlinkert/longest"
"lru-cache@4.1.1","ISC","https://github.com/isaacs/node-lru-cache"
"maxmind@2.4.0","MIT","https://github.com/runk/node-maxmind"
"md5.js@1.3.4","MIT","https://github.com/crypto-browserify/md5.js"
"methmeth@1.1.0","MIT","https://github.com/stephenplusplus/methmeth"
"mime-db@1.26.0","MIT","https://github.com/jshttp/mime-db"
"mime-db@1.30.0","MIT","https://github.com/jshttp/mime-db"
"mime-types@2.1.14","MIT","https://github.com/jshttp/mime-types"
"mime-types@2.1.17","MIT","https://github.com/jshttp/mime-types"
"mime@1.6.0","MIT","https://github.com/broofa/node-mime"
"mimic-response@1.0.0","MIT","https://github.com/sindresorhus/mimic-response"
"mimos@3.0.3","BSD-3-Clause","https://github.com/hapijs/mimos"
"minimatch@3.0.4","ISC","https://github.com/isaacs/minimatch"
"minimist@0.0.8","MIT","https://github.com/substack/minimist"
"minimist@1.2.0","MIT","https://github.com/substack/minimist"
"minipass@2.1.1","ISC","https://github.com/isaacs/minipass"
"minizlib@1.0.3","MIT","https://github.com/isaacs/minizlib"
"mkdirp@0.5.1","MIT","https://github.com/substack/node-mkdirp"
"modelo@4.2.0","MIT*","https://github.com/kevinconway/Modelo.js"
"moment@2.19.4","MIT","https://github.com/moment/moment"
"moment@2.20.1","MIT","https://github.com/moment/moment"
"mongodb-core@3.0.1","Apache-2.0","https://github.com/mongodb-js/mongodb-core"
"mongodb@3.0.1","Apache-2.0","https://github.com/mongodb/node-mongodb-native"
"ms@2.0.0","MIT","https://github.com/zeit/ms"
"nan@2.6.2","MIT","https://github.com/nodejs/nan"
"nan@2.8.0","MIT","https://github.com/nodejs/nan"
"natural@0.5.4","MIT","https://github.com/NaturalNode/natural"
"newrelic@2.4.2","proprietary","https://github.com/newrelic/node-newrelic"
"nigel@2.0.2","BSD-3-Clause","https://github.com/hapijs/nigel"
"node-forge@0.7.1","(BSD-3-Clause OR GPL-2.0)","https://github.com/digitalbazaar/forge"
"node-pre-gyp@0.6.39","BSD-3-Clause","https://github.com/mapbox/node-pre-gyp"
"node-uuid@1.4.7","MIT","https://github.com/broofa/node-uuid"
"nopt@4.0.1","ISC","https://github.com/npm/nopt"
"npmlog@4.1.2","ISC","https://github.com/npm/npmlog"
"number-is-nan@1.0.1","MIT","https://github.com/sindresorhus/number-is-nan"
"oauth-sign@0.8.2","Apache-2.0","https://github.com/mikeal/oauth-sign"
"object-assign@4.1.1","MIT","https://github.com/sindresorhus/object-assign"
"once@1.3.3","ISC","https://github.com/isaacs/once"
"once@1.4.0","ISC","https://github.com/isaacs/once"
"ono@2.2.5","MIT","https://github.com/bigstickcarpet/ono"
"ono@4.0.2","MIT","https://github.com/bigstickcarpet/ono"
"oppsy@1.0.2","BSD-3-Clause","https://github.com/hapijs/oppsy"
"optimist@0.6.1","MIT*","https://github.com/substack/node-optimist"
"optjs@3.2.2","MIT","https://github.com/dcodeIO/opt.js"
"os-homedir@1.0.2","MIT","https://github.com/sindresorhus/os-homedir"
"os-locale@1.4.0","MIT","https://github.com/sindresorhus/os-locale"
"os-tmpdir@1.0.2","MIT","https://github.com/sindresorhus/os-tmpdir"
"osenv@0.1.4","ISC","https://github.com/npm/osenv"
"path-is-absolute@1.0.1","MIT","https://github.com/sindresorhus/path-is-absolute"
"pdfium@0.0.1","BSD","https://github.com/tojocky/node-pdfium-native"
"performance-now@0.2.0","MIT","https://github.com/meryn/performance-now"
"performance-now@2.0.0","MIT","https://github.com/braveg1rl/performance-now"
"performance-now@2.1.0","MIT","https://github.com/braveg1rl/performance-now"
"pez@2.1.5","BSD-3-Clause","https://github.com/hapijs/pez"
"pify@2.3.0","MIT","https://github.com/sindresorhus/pify"
"pinkie-promise@2.0.1","MIT","https://github.com/floatdrop/pinkie-promise"
"pinkie@2.0.4","MIT","https://github.com/floatdrop/pinkie"
"podium@1.3.0","BSD-3-Clause","https://github.com/hapijs/podium"
"process-nextick-args@1.0.7","MIT","https://github.com/calvinmetcalf/process-nextick-args"
"protobufjs@5.0.2","Apache-2.0","https://github.com/dcodeIO/protobuf.js"
"protobufjs@6.8.3","BSD-3-Clause","https://github.com/dcodeIO/protobuf.js"
"pseudomap@1.0.2","ISC","https://github.com/isaacs/pseudomap"
"pump@1.0.2","MIT","https://github.com/mafintosh/pump"
"pumpify@1.3.5","MIT","https://github.com/mafintosh/pumpify"
"punycode@1.3.2","MIT","https://github.com/bestiejs/punycode.js"
"punycode@1.4.1","MIT","https://github.com/bestiejs/punycode.js"
"punycode@2.1.0","MIT","https://github.com/bestiejs/punycode.js"
"qs@6.2.1","BSD-3-Clause","https://github.com/ljharb/qs"
"qs@6.4.0","BSD-3-Clause","https://github.com/ljharb/qs"
"qs@6.5.1","BSD-3-Clause","https://github.com/ljharb/qs"
"querystring@0.2.0","MIT","https://github.com/Gozala/querystring"
"rc@1.2.1","(BSD-2-Clause OR MIT OR Apache-2.0)","https://github.com/dominictarr/rc"
"rc@1.2.2","(BSD-2-Clause OR MIT OR Apache-2.0)","https://github.com/dominictarr/rc"
"readable-stream@2.0.6","MIT","https://github.com/nodejs/readable-stream"
"readable-stream@2.3.3","MIT","https://github.com/nodejs/readable-stream"
"repeat-string@1.6.1","MIT","https://github.com/jonschlinkert/repeat-string"
"request-promise-core@1.1.1","ISC","https://github.com/request/promise-core"
"request-promise@4.2.2","ISC","https://github.com/request/request-promise"
"request@2.75.0","Apache-2.0","https://github.com/request/request"
"request@2.81.0","Apache-2.0","https://github.com/request/request"
"request@2.83.0","Apache-2.0","https://github.com/request/request"
"require_optional@1.0.1","Apache-2.0","https://github.com/christkv/require_optional"
"resolve-from@2.0.0","MIT","https://github.com/sindresorhus/resolve-from"
"retry-request@3.3.1","MIT","https://github.com/stephenplusplus/retry-request"
"right-align@0.1.3","MIT","https://github.com/jonschlinkert/right-align"
"rimraf@2.6.2","ISC","https://github.com/isaacs/rimraf"
"safe-buffer@5.1.1","MIT","https://github.com/feross/safe-buffer"
"sax@0.5.2","BSD*","https://github.com/isaacs/sax-js"
"sax@1.2.1","ISC","https://github.com/isaacs/sax-js"
"semver@5.4.1","ISC","https://github.com/npm/node-semver"
"set-blocking@2.0.0","ISC","https://github.com/yargs/set-blocking"
"sharp@0.18.4","Apache-2.0","https://github.com/lovell/sharp"
"shot@3.4.2","BSD-3-Clause","https://github.com/hapijs/shot"
"signal-exit@3.0.2","ISC","https://github.com/tapjs/signal-exit"
"simple-concat@1.0.0","MIT","https://github.com/feross/simple-concat"
"simple-get@2.7.0","MIT","https://github.com/feross/simple-get"
"simple-swizzle@0.2.2","MIT","https://github.com/qix-/node-simple-swizzle"
"sntp@1.0.9","BSD","https://github.com/hueniverse/sntp"
"sntp@2.0.2","BSD-3-Clause","https://github.com/hueniverse/sntp"
"source-map@0.4.4","BSD-3-Clause","https://github.com/mozilla/source-map"
"source-map@0.5.7","BSD-3-Clause","https://github.com/mozilla/source-map"
"split-array-stream@1.0.3","MIT","https://github.com/stephenplusplus/split-array-stream"
"sprintf-js@1.0.3","BSD-3-Clause","https://github.com/alexei/sprintf.js"
"sshpk@1.13.1","MIT","https://github.com/arekinath/node-sshpk"
"statehood@5.0.3","BSD-3-Clause","https://github.com/hapijs/statehood"
"statman-stopwatch@2.4.0","MIT","https://github.com/jasonray/statman-stopwatch"
"stats-lite@2.1.0","MIT","https://github.com/brycebaril/node-stats-lite"
"stealthy-require@1.1.1","ISC","https://github.com/analog-nico/stealthy-require"
"stream-buffers@3.0.1","Unlicense","https://github.com/samcday/node-stream-buffer"
"stream-events@1.0.2","MIT","https://github.com/stephenplusplus/stream-events"
"stream-shift@1.0.0","MIT","https://github.com/mafintosh/stream-shift"
"string-format-obj@1.1.0","MIT","https://github.com/stephenplusplus/string-format-obj"
"string-template@1.0.0","MIT","https://github.com/Matt-Esch/string-template"
"string-width@1.0.2","MIT","https://github.com/sindresorhus/string-width"
"string_decoder@0.10.31","MIT","https://github.com/rvagg/string_decoder"
"string_decoder@1.0.3","MIT","https://github.com/rvagg/string_decoder"
"stringstream@0.0.5","MIT","https://github.com/mhart/StringStream"
"strip-ansi@3.0.1","MIT","https://github.com/chalk/strip-ansi"
"strip-json-comments@2.0.1","MIT","https://github.com/sindresorhus/strip-json-comments"
"stubs@3.0.0","MIT","https://github.com/stephenplusplus/stubs"
"subtext@5.0.0","BSD-3-Clause","https://github.com/hapijs/subtext"
"supports-color@2.0.0","MIT","https://github.com/chalk/supports-color"
"swagger-methods@1.0.4","MIT","https://github.com/bigstickcarpet/swagger-methods"
"swagger-parser@3.4.2","MIT","https://github.com/BigstickCarpet/swagger-parser"
"swagger-schema-official@2.0.0-bab6bed","ISC",""
"sylvester@0.0.21","MIT*",""
"tar-pack@3.4.1","BSD-2-Clause","https://github.com/ForbesLindesay/tar-pack"
"tar@2.2.1","ISC","https://github.com/isaacs/node-tar"
"tar@3.1.5","ISC","https://github.com/npm/node-tar"
"through2@2.0.3","MIT","https://github.com/rvagg/through2"
"timespan@2.3.0","MIT*","https://github.com/indexzero/TimeSpan.js"
"tiny-lru@1.4.13","BSD-3-Clause","https://github.com/avoidwork/tiny-lru"
"topo@2.0.2","BSD-3-Clause","https://github.com/hapijs/topo"
"topo@3.0.0","BSD-3-Clause","https://github.com/hapijs/topo"
"tough-cookie@2.3.2","BSD-3-Clause","https://github.com/salesforce/tough-cookie"
"tough-cookie@2.3.3","BSD-3-Clause","https://github.com/salesforce/tough-cookie"
"tunnel-agent@0.4.3","Apache-2.0","https://github.com/mikeal/tunnel-agent"
"tunnel-agent@0.6.0","Apache-2.0","https://github.com/mikeal/tunnel-agent"
"tweetnacl@0.14.5","Unlicense","https://github.com/dchest/tweetnacl-js"
"typedarray@0.0.6","MIT","https://github.com/substack/typedarray"
"uglify-js@2.8.29","BSD-2-Clause","https://github.com/mishoo/UglifyJS2"
"uglify-to-browserify@1.0.2","MIT","https://github.com/ForbesLindesay/uglify-to-browserify"
"uid-number@0.0.6","ISC","https://github.com/isaacs/uid-number"
"underscore@1.8.3","MIT","https://github.com/jashkenas/underscore"
"url@0.10.3","MIT","https://github.com/defunctzombie/node-url"
"util-deprecate@1.0.2","MIT","https://github.com/TooTallNate/util-deprecate"
"uuid@3.0.1","MIT","https://github.com/kelektiv/node-uuid"
"uuid@3.1.0","MIT","https://github.com/kelektiv/node-uuid"
"validator@3.35.0","MIT","https://github.com/chriso/validator.js"
"validator@9.2.0","MIT","https://github.com/chriso/validator.js"
"verror@1.10.0","MIT","https://github.com/davepacheco/node-verror"
"vise@2.0.2","BSD-3-Clause","https://github.com/hapijs/vise"
"vision@4.1.1","BSD-3-Clause","https://github.com/hapijs/vision"
"webworker-threads@0.7.11","(MIT AND Apache-2.0)","https://github.com/audreyt/node-webworker-threads"
"wide-align@1.1.2","ISC","https://github.com/iarna/wide-align"
"window-size@0.1.0","MIT","https://github.com/jonschlinkert/window-size"
"window-size@0.1.4","MIT","https://github.com/jonschlinkert/window-size"
"wordwrap@0.0.2","MIT*","https://github.com/substack/node-wordwrap"
"wordwrap@0.0.3","MIT","https://github.com/substack/node-wordwrap"
"wrap-ansi@2.1.0","MIT","https://github.com/chalk/wrap-ansi"
"wrappy@1.0.2","ISC","https://github.com/npm/wrappy"
"wreck@12.5.1","BSD-3-Clause","https://github.com/hapijs/wreck"
"xml2js@0.2.7","MIT*","https://github.com/Leonidas-from-XIV/node-xml2js"
"xml2js@0.4.17","MIT","https://github.com/Leonidas-from-XIV/node-xml2js"
"xmlbuilder@0.4.3","MIT","https://github.com/oozcitak/xmlbuilder-js"
"xmlbuilder@4.2.1","MIT","https://github.com/oozcitak/xmlbuilder-js"
"xtend@4.0.1","MIT","https://github.com/Raynos/xtend"
"y18n@3.2.1","ISC","https://github.com/yargs/y18n"
"yallist@2.1.2","ISC","https://github.com/isaacs/yallist"
"yallist@3.0.2","ISC","https://github.com/isaacs/yallist"
"yargs@3.10.0","MIT","https://github.com/bcoe/yargs"
"yargs@3.32.0","MIT","https://github.com/bcoe/yargs"
"z-schema@3.19.0","MIT","https://github.com/zaggino/z-schema"
